order_id,customer,category,region,quantity,unit_price,discount,order_date
1001,Alice,Electronics,North,2,800,0.10,2025-01-05
1002,Bob,Accessories,South,5,25,0.00,2025-01-06
1003,Charlie,Office,North,3,60,0.05,2025-01-07
1004,Diana,Electronics,East,1,800,0.15,2025-01-09
1005,Edward,Home,West,2,120,0.00,2025-01-11
1006,Fatima,Accessories,East,4,25,0.10,2025-01-12
1007,George,Office,South,2,60,0.00,2025-01-14
1008,Hannah,Home,North,1,120,,2025-01-15
1009,Ivan,Electronics,West,3,800,0.05,2025-01-18
1010,Julia,Accessories,North,6,25,0.00,2025-01-19
1011,Kevin,Office,East,4,60,0.10,
1012,Laura,Home,South,1,120,0.00,2025-01-23
1013,Maya,Electronics,North,1,800,0.00,2025-01-25
1013,Maya,Electronics,North,1,800,0.00,2025-01-25
